timestamp_utc,chosen_price_gbp,source,all_gbp_amounts_found,url
2026-07-08T17:39:55+00:00,211.15,saver_button,"0.30,1.00,2.00,2.50,3.50,12.50,41.79,43.99,211.15,222.11,238.49,288.15,321.15,380.55,516.95",https://www.travelodge.co.uk/hotels/282/London-Chessington-Tolworth-hotel?checkIn=26/12/2026&checkOut=31/12/2026&rooms[0][adults]=3&rooms[0][children]=0&searchLocation=South%20London
2026-07-08T19:53:16+00:00,211.15,saver_button,"0.30,1.00,2.00,2.50,3.50,12.50,41.79,43.99,211.15,222.11,238.49,288.15,321.15,380.55,516.95",https://www.travelodge.co.uk/hotels/282/London-Chessington-Tolworth-hotel?checkIn=26/12/2026&checkOut=31/12/2026&rooms[0][adults]=3&rooms[0][children]=0&searchLocation=South%20London
2026-07-09T04:11:06+00:00,211.15,saver_button,"0.30,1.00,2.00,2.50,3.50,12.50,41.79,43.99,211.15,222.11,238.50,288.15,321.15,380.55,516.95",https://www.travelodge.co.uk/hotels/282/London-Chessington-Tolworth-hotel?checkIn=26/12/2026&checkOut=31/12/2026&rooms[0][adults]=3&rooms[0][children]=0&searchLocation=South%20London
2026-07-09T09:56:36+00:00,211.15,saver_button,"0.30,1.00,2.00,2.50,3.50,12.50,41.79,43.99,211.15,222.11,238.50,288.15,321.15,380.55,516.95",https://www.travelodge.co.uk/hotels/282/London-Chessington-Tolworth-hotel?checkIn=26/12/2026&checkOut=31/12/2026&rooms[0][adults]=3&rooms[0][children]=0&searchLocation=South%20London
2026-07-09T15:32:22+00:00,212.25,saver_button,"0.30,1.00,2.00,2.50,3.50,12.50,41.79,45.09,212.25,223.22,239.61,288.15,321.15,380.55,516.95",https://www.travelodge.co.uk/hotels/282/London-Chessington-Tolworth-hotel?checkIn=26/12/2026&checkOut=31/12/2026&rooms[0][adults]=3&rooms[0][children]=0&searchLocation=South%20London
2026-07-09T20:02:27+00:00,212.25,saver_button,"0.30,1.00,2.00,2.50,3.50,12.50,41.79,45.09,212.25,223.22,239.61,289.25,320.05,380.55,516.95",https://www.travelodge.co.uk/hotels/282/London-Chessington-Tolworth-hotel?checkIn=26/12/2026&checkOut=31/12/2026&rooms[0][adults]=3&rooms[0][children]=0&searchLocation=South%20London
2026-07-10T04:11:08+00:00,212.25,saver_button,"0.30,1.00,2.00,2.50,3.50,12.50,41.79,45.09,212.25,223.22,239.61,289.25,320.05,380.55,516.95",https://www.travelodge.co.uk/hotels/282/London-Chessington-Tolworth-hotel?checkIn=26/12/2026&checkOut=31/12/2026&rooms[0][adults]=3&rooms[0][children]=0&searchLocation=South%20London
2026-07-10T09:51:28+00:00,212.25,saver_button,"0.30,1.00,2.00,2.50,3.50,12.50,41.79,45.09,212.25,223.22,239.61,289.25,320.05,380.55,516.95",https://www.travelodge.co.uk/hotels/282/London-Chessington-Tolworth-hotel?checkIn=26/12/2026&checkOut=31/12/2026&rooms[0][adults]=3&rooms[0][children]=0&searchLocation=South%20London
2026-07-10T14:49:30+00:00,212.25,saver_button,"0.30,1.00,2.00,2.50,3.50,12.50,41.79,45.09,212.25,223.22,239.61,289.25,320.05,380.55,516.95",https://www.travelodge.co.uk/hotels/282/London-Chessington-Tolworth-hotel?checkIn=26/12/2026&checkOut=31/12/2026&rooms[0][adults]=3&rooms[0][children]=0&searchLocation=South%20London
2026-07-10T19:49:07+00:00,212.25,saver_button,"0.30,1.00,2.00,2.50,3.50,12.50,41.79,45.09,212.25,223.22,239.61,289.25,320.05,380.55,516.95",https://www.travelodge.co.uk/hotels/282/London-Chessington-Tolworth-hotel?checkIn=26/12/2026&checkOut=31/12/2026&rooms[0][adults]=3&rooms[0][children]=0&searchLocation=South%20London
2026-07-11T03:38:44+00:00,211.15,saver_button,"0.30,1.00,2.00,2.50,3.50,12.50,41.79,43.99,211.15,222.11,238.49,292.55,322.25,360.75,606.05",https://www.travelodge.co.uk/hotels/282/London-Chessington-Tolworth-hotel?checkIn=26/12/2026&checkOut=31/12/2026&rooms[0][adults]=3&rooms[0][children]=0&searchLocation=South%20London
2026-07-11T08:12:48+00:00,211.15,saver_button,"0.30,1.00,2.00,2.50,3.50,12.50,41.79,43.99,211.15,222.11,238.49,292.55,322.25,360.75,606.05",https://www.travelodge.co.uk/hotels/282/London-Chessington-Tolworth-hotel?checkIn=26/12/2026&checkOut=31/12/2026&rooms[0][adults]=3&rooms[0][children]=0&searchLocation=South%20London
2026-07-11T13:50:58+00:00,211.15,saver_button,"0.30,1.00,2.00,2.50,3.50,12.50,211.15,222.11,238.49,292.55,360.75",https://www.travelodge.co.uk/hotels/282/London-Chessington-Tolworth-hotel?checkIn=26/12/2026&checkOut=31/12/2026&rooms[0][adults]=3&rooms[0][children]=0&searchLocation=South%20London
2026-07-11T19:29:40+00:00,211.15,saver_button,"0.30,1.00,2.00,2.50,3.50,12.50,41.79,43.99,211.15,222.11,238.49,292.55,322.25,360.75,606.05",https://www.travelodge.co.uk/hotels/282/London-Chessington-Tolworth-hotel?checkIn=26/12/2026&checkOut=31/12/2026&rooms[0][adults]=3&rooms[0][children]=0&searchLocation=South%20London
2026-07-12T03:53:23+00:00,211.15,saver_button,"0.30,1.00,2.00,2.50,3.50,12.50,41.79,43.99,211.15,222.11,238.49,283.75,322.25,360.75,615.95",https://www.travelodge.co.uk/hotels/282/London-Chessington-Tolworth-hotel?checkIn=26/12/2026&checkOut=31/12/2026&rooms[0][adults]=3&rooms[0][children]=0&searchLocation=South%20London
2026-07-12T08:30:15+00:00,211.15,saver_button,"0.30,1.00,2.00,2.50,3.50,12.50,41.79,43.99,211.15,222.11,238.49,283.75,322.25,360.75,615.95",https://www.travelodge.co.uk/hotels/282/London-Chessington-Tolworth-hotel?checkIn=26/12/2026&checkOut=31/12/2026&rooms[0][adults]=3&rooms[0][children]=0&searchLocation=South%20London
2026-07-12T13:53:09+00:00,211.15,saver_button,"0.30,1.00,2.00,2.50,3.50,12.50,41.79,43.99,211.15,222.11,238.49,283.75,360.75",https://www.travelodge.co.uk/hotels/282/London-Chessington-Tolworth-hotel?checkIn=26/12/2026&checkOut=31/12/2026&rooms[0][adults]=3&rooms[0][children]=0&searchLocation=South%20London
2026-07-12T19:22:14+00:00,211.15,saver_button,"0.30,1.00,2.00,2.50,3.50,12.50,41.79,43.99,211.15,222.11,238.49,283.75,322.25,360.75,615.95",https://www.travelodge.co.uk/hotels/282/London-Chessington-Tolworth-hotel?checkIn=26/12/2026&checkOut=31/12/2026&rooms[0][adults]=3&rooms[0][children]=0&searchLocation=South%20London
2026-07-13T03:56:49+00:00,212.25,saver_button,"0.30,1.00,2.00,2.50,3.50,12.50,41.79,45.09,212.25,223.22,239.61,283.75,323.35,361.85,603.85",https://www.travelodge.co.uk/hotels/282/London-Chessington-Tolworth-hotel?checkIn=26/12/2026&checkOut=31/12/2026&rooms[0][adults]=3&rooms[0][children]=0&searchLocation=South%20London
2026-07-13T09:46:11+00:00,212.25,saver_button,"0.30,1.00,2.00,2.50,3.50,12.50,41.79,45.09,212.25,223.22,239.61,283.75,323.35,361.85,603.85",https://www.travelodge.co.uk/hotels/282/London-Chessington-Tolworth-hotel?checkIn=26/12/2026&checkOut=31/12/2026&rooms[0][adults]=3&rooms[0][children]=0&searchLocation=South%20London
2026-07-13T15:09:21+00:00,212.25,saver_button,"0.30,1.00,2.00,2.50,3.50,12.50,41.79,45.09,212.25,223.22,239.61,283.75,323.35,361.85,603.85",https://www.travelodge.co.uk/hotels/282/London-Chessington-Tolworth-hotel?checkIn=26/12/2026&checkOut=31/12/2026&rooms[0][adults]=3&rooms[0][children]=0&searchLocation=South%20London
2026-07-13T19:45:35+00:00,212.25,saver_button,"0.30,1.00,2.00,2.50,3.50,12.50,41.79,45.09,212.25,223.22,239.61,283.75,323.35,361.85,603.85",https://www.travelodge.co.uk/hotels/282/London-Chessington-Tolworth-hotel?checkIn=26/12/2026&checkOut=31/12/2026&rooms[0][adults]=3&rooms[0][children]=0&searchLocation=South%20London
2026-07-14T03:30:07+00:00,212.25,saver_button,"0.30,1.00,2.00,2.50,3.50,12.50,41.79,45.09,212.25,223.22,239.61,283.75,323.35,361.85,603.85",https://www.travelodge.co.uk/hotels/282/London-Chessington-Tolworth-hotel?checkIn=26/12/2026&checkOut=31/12/2026&rooms[0][adults]=3&rooms[0][children]=0&searchLocation=South%20London
2026-07-14T08:26:30+00:00,213.35,saver_button,"0.30,1.00,2.00,2.50,3.50,12.50,41.79,46.19,213.35,224.32,240.73,284.85,323.35,364.05,608.25",https://www.travelodge.co.uk/hotels/282/London-Chessington-Tolworth-hotel?checkIn=26/12/2026&checkOut=31/12/2026&rooms[0][adults]=3&rooms[0][children]=0&searchLocation=South%20London
2026-07-14T14:10:17+00:00,213.35,saver_button,"0.30,1.00,2.00,2.50,3.50,12.50,41.79,46.19,213.35,224.32,240.73,284.85,323.35,364.05,608.25",https://www.travelodge.co.uk/hotels/282/London-Chessington-Tolworth-hotel?checkIn=26/12/2026&checkOut=31/12/2026&rooms[0][adults]=3&rooms[0][children]=0&searchLocation=South%20London
2026-07-14T19:41:11+00:00,213.35,saver_button,"0.30,1.00,2.00,2.50,3.50,12.50,41.79,46.19,213.35,224.32,240.73,284.85,364.05",https://www.travelodge.co.uk/hotels/282/London-Chessington-Tolworth-hotel?checkIn=26/12/2026&checkOut=31/12/2026&rooms[0][adults]=3&rooms[0][children]=0&searchLocation=South%20London
2026-07-15T03:30:01+00:00,213.35,saver_button,"0.30,1.00,2.00,2.50,3.50,12.50,41.79,46.19,213.35,224.32,240.73,284.85,323.35,364.05,608.25",https://www.travelodge.co.uk/hotels/282/London-Chessington-Tolworth-hotel?checkIn=26/12/2026&checkOut=31/12/2026&rooms[0][adults]=3&rooms[0][children]=0&searchLocation=South%20London
2026-07-15T08:34:03+00:00,212.25,saver_button,"0.30,1.00,2.00,2.50,3.50,12.50,41.79,45.09,212.25,223.22,239.61,284.85,327.75,364.05,624.75",https://www.travelodge.co.uk/hotels/282/London-Chessington-Tolworth-hotel?checkIn=26/12/2026&checkOut=31/12/2026&rooms[0][adults]=3&rooms[0][children]=0&searchLocation=South%20London
2026-07-15T14:06:59+00:00,212.25,saver_button,"0.30,1.00,2.00,2.50,3.50,12.50,41.79,45.09,212.25,223.22,239.61,284.85,327.75,364.05,624.75",https://www.travelodge.co.uk/hotels/282/London-Chessington-Tolworth-hotel?checkIn=26/12/2026&checkOut=31/12/2026&rooms[0][adults]=3&rooms[0][children]=0&searchLocation=South%20London
2026-07-15T19:34:18+00:00,212.25,saver_button,"0.30,1.00,2.00,2.50,3.50,12.50,41.79,45.09,212.25,223.22,239.61,284.85,327.75,364.05,624.75",https://www.travelodge.co.uk/hotels/282/London-Chessington-Tolworth-hotel?checkIn=26/12/2026&checkOut=31/12/2026&rooms[0][adults]=3&rooms[0][children]=0&searchLocation=South%20London
2026-07-16T03:33:17+00:00,212.25,saver_button,"0.30,1.00,2.00,2.50,3.50,12.50,41.79,45.09,212.25,223.22,239.61,284.85,327.75,364.05,624.75",https://www.travelodge.co.uk/hotels/282/London-Chessington-Tolworth-hotel?checkIn=26/12/2026&checkOut=31/12/2026&rooms[0][adults]=3&rooms[0][children]=0&searchLocation=South%20London
2026-07-16T08:30:59+00:00,213.35,saver_button,"0.30,1.00,2.00,2.50,3.50,12.50,41.79,46.19,213.35,224.32,240.72,284.85,327.75,364.05,624.75",https://www.travelodge.co.uk/hotels/282/London-Chessington-Tolworth-hotel?checkIn=26/12/2026&checkOut=31/12/2026&rooms[0][adults]=3&rooms[0][children]=0&searchLocation=South%20London
2026-07-16T14:18:44+00:00,213.35,saver_button,"0.30,1.00,2.00,2.50,3.50,12.50,41.79,46.19,213.35,224.32,240.72,293.65,327.75,366.25,626.95",https://www.travelodge.co.uk/hotels/282/London-Chessington-Tolworth-hotel?checkIn=26/12/2026&checkOut=31/12/2026&rooms[0][adults]=3&rooms[0][children]=0&searchLocation=South%20London
2026-07-16T19:33:08+00:00,213.35,saver_button,"0.30,1.00,2.00,2.50,3.50,12.50,41.79,46.19,213.35,224.32,240.74,293.65,327.75,366.25,626.95",https://www.travelodge.co.uk/hotels/282/London-Chessington-Tolworth-hotel?checkIn=26/12/2026&checkOut=31/12/2026&rooms[0][adults]=3&rooms[0][children]=0&searchLocation=South%20London
2026-07-17T03:34:00+00:00,213.35,saver_button,"0.30,1.00,2.00,2.50,3.50,12.50,41.79,46.19,213.35,224.32,240.74,293.65,327.75,366.25,626.95",https://www.travelodge.co.uk/hotels/282/London-Chessington-Tolworth-hotel?checkIn=26/12/2026&checkOut=31/12/2026&rooms[0][adults]=3&rooms[0][children]=0&searchLocation=South%20London
2026-07-17T08:26:17+00:00,212.25,saver_button,"0.30,1.00,2.00,2.50,3.50,12.50,41.79,45.09,212.25,223.22,239.61,293.65,327.75,366.25,626.95",https://www.travelodge.co.uk/hotels/282/London-Chessington-Tolworth-hotel?checkIn=26/12/2026&checkOut=31/12/2026&rooms[0][adults]=3&rooms[0][children]=0&searchLocation=South%20London
2026-07-17T14:00:36+00:00,212.25,saver_button,"0.30,1.00,2.00,2.50,3.50,12.50,41.79,45.09,212.25,223.22,239.61,293.65,327.75,366.25,626.95",https://www.travelodge.co.uk/hotels/282/London-Chessington-Tolworth-hotel?checkIn=26/12/2026&checkOut=31/12/2026&rooms[0][adults]=3&rooms[0][children]=0&searchLocation=South%20London
2026-07-17T19:31:00+00:00,212.25,saver_button,"0.30,1.00,2.00,2.50,3.50,12.50,41.79,45.09,212.25,223.22,239.61,292.55,322.25,362.95,500.45",https://www.travelodge.co.uk/hotels/282/London-Chessington-Tolworth-hotel?checkIn=26/12/2026&checkOut=31/12/2026&rooms[0][adults]=3&rooms[0][children]=0&searchLocation=South%20London
2026-07-18T03:27:57+00:00,212.25,saver_button,"0.30,1.00,2.00,2.50,3.50,12.50,41.79,45.09,212.25,223.22,239.61,292.55,322.25,362.95,500.45",https://www.travelodge.co.uk/hotels/282/London-Chessington-Tolworth-hotel?checkIn=26/12/2026&checkOut=31/12/2026&rooms[0][adults]=3&rooms[0][children]=0&searchLocation=South%20London
2026-07-18T08:06:18+00:00,212.25,saver_button,"0.30,1.00,2.00,2.50,3.50,12.50,41.79,45.09,212.25,223.22,239.62,292.55,322.25,362.95,500.45",https://www.travelodge.co.uk/hotels/282/London-Chessington-Tolworth-hotel?checkIn=26/12/2026&checkOut=31/12/2026&rooms[0][adults]=3&rooms[0][children]=0&searchLocation=South%20London
2026-07-18T13:45:19+00:00,212.25,saver_button,"0.30,1.00,2.00,2.50,3.50,12.50,41.79,45.09,212.25,223.22,239.62,292.55,322.25,362.95,500.45",https://www.travelodge.co.uk/hotels/282/London-Chessington-Tolworth-hotel?checkIn=26/12/2026&checkOut=31/12/2026&rooms[0][adults]=3&rooms[0][children]=0&searchLocation=South%20London
2026-07-18T19:22:06+00:00,212.25,saver_button,"0.30,1.00,2.00,2.50,3.50,12.50,41.79,45.09,212.25,223.22,239.62,292.55,322.25,362.95,500.45",https://www.travelodge.co.uk/hotels/282/London-Chessington-Tolworth-hotel?checkIn=26/12/2026&checkOut=31/12/2026&rooms[0][adults]=3&rooms[0][children]=0&searchLocation=South%20London
2026-07-19T03:49:56+00:00,212.25,saver_button,"0.30,1.00,2.00,2.50,3.50,12.50,41.79,45.09,212.25,223.22,239.63,285.95,321.15,361.85,496.05",https://www.travelodge.co.uk/hotels/282/London-Chessington-Tolworth-hotel?checkIn=26/12/2026&checkOut=31/12/2026&rooms[0][adults]=3&rooms[0][children]=0&searchLocation=South%20London
2026-07-19T08:32:21+00:00,212.25,saver_button,"0.30,1.00,2.00,2.50,3.50,12.50,41.79,45.09,212.25,223.22,239.63,285.95,321.15,361.85,496.05",https://www.travelodge.co.uk/hotels/282/London-Chessington-Tolworth-hotel?checkIn=26/12/2026&checkOut=31/12/2026&rooms[0][adults]=3&rooms[0][children]=0&searchLocation=South%20London
2026-07-19T13:50:25+00:00,212.25,saver_button,"0.30,1.00,2.00,2.50,3.50,12.50,41.79,45.09,212.25,223.22,239.63,285.95,321.15,361.85,496.05",https://www.travelodge.co.uk/hotels/282/London-Chessington-Tolworth-hotel?checkIn=26/12/2026&checkOut=31/12/2026&rooms[0][adults]=3&rooms[0][children]=0&searchLocation=South%20London
2026-07-19T19:29:01+00:00,212.25,saver_button,"0.30,1.00,2.00,2.50,3.50,12.50,41.79,45.09,212.25,223.22,239.63,285.95,321.15,361.85,496.05",https://www.travelodge.co.uk/hotels/282/London-Chessington-Tolworth-hotel?checkIn=26/12/2026&checkOut=31/12/2026&rooms[0][adults]=3&rooms[0][children]=0&searchLocation=South%20London
2026-07-20T04:00:21+00:00,214.45,saver_button,"0.30,1.00,2.00,2.50,3.50,12.50,41.79,43.99,45.09,214.45,225.43,241.85,292.55,321.15,360.75,509.25",https://www.travelodge.co.uk/hotels/282/London-Chessington-Tolworth-hotel?checkIn=26/12/2026&checkOut=31/12/2026&rooms[0][adults]=3&rooms[0][children]=0&searchLocation=South%20London
2026-07-20T09:32:23+00:00,214.45,saver_button,"0.30,1.00,2.00,2.50,3.50,12.50,41.79,43.99,45.09,214.45,225.43,241.85,292.55,321.15,360.75,509.25",https://www.travelodge.co.uk/hotels/282/London-Chessington-Tolworth-hotel?checkIn=26/12/2026&checkOut=31/12/2026&rooms[0][adults]=3&rooms[0][children]=0&searchLocation=South%20London
2026-07-20T14:31:43+00:00,214.45,saver_button,"0.30,1.00,2.00,2.50,3.50,12.50,41.79,43.99,45.09,214.45,225.43,241.85,292.55,321.15,360.75,509.25",https://www.travelodge.co.uk/hotels/282/London-Chessington-Tolworth-hotel?checkIn=26/12/2026&checkOut=31/12/2026&rooms[0][adults]=3&rooms[0][children]=0&searchLocation=South%20London
2026-07-20T19:55:03+00:00,214.45,saver_button,"0.30,1.00,2.00,2.50,3.50,12.50,41.79,43.99,45.09,214.45,225.43,241.85,292.55,321.15,360.75,509.25",https://www.travelodge.co.uk/hotels/282/London-Chessington-Tolworth-hotel?checkIn=26/12/2026&checkOut=31/12/2026&rooms[0][adults]=3&rooms[0][children]=0&searchLocation=South%20London
2026-07-21T03:41:09+00:00,215.55,saver_button,"0.30,1.00,2.00,2.50,3.50,12.50,41.79,43.99,46.19,215.55,226.53,242.96,292.55,321.15,360.75,509.25",https://www.travelodge.co.uk/hotels/282/London-Chessington-Tolworth-hotel?checkIn=26/12/2026&checkOut=31/12/2026&rooms[0][adults]=3&rooms[0][children]=0&searchLocation=South%20London
2026-07-21T08:42:31+00:00,215.55,saver_button,"0.30,1.00,2.00,2.50,3.50,12.50,41.79,43.99,46.19,215.55,226.53,242.96,283.75,323.35,355.25,505.95",https://www.travelodge.co.uk/hotels/282/London-Chessington-Tolworth-hotel?checkIn=26/12/2026&checkOut=31/12/2026&rooms[0][adults]=3&rooms[0][children]=0&searchLocation=South%20London
2026-07-21T14:19:04+00:00,215.55,saver_button,"0.30,1.00,2.00,2.50,3.50,12.50,41.79,43.99,46.19,215.55,226.53,242.96,283.75,355.25",https://www.travelodge.co.uk/hotels/282/London-Chessington-Tolworth-hotel?checkIn=26/12/2026&checkOut=31/12/2026&rooms[0][adults]=3&rooms[0][children]=0&searchLocation=South%20London
2026-07-21T19:49:36+00:00,215.55,saver_button,"0.30,1.00,2.00,2.50,3.50,12.50,41.79,43.99,46.19,215.55,226.53,242.96,283.75,323.35,355.25,505.95",https://www.travelodge.co.uk/hotels/282/London-Chessington-Tolworth-hotel?checkIn=26/12/2026&checkOut=31/12/2026&rooms[0][adults]=3&rooms[0][children]=0&searchLocation=South%20London
2026-07-22T03:41:55+00:00,214.45,saver_button,"0.30,1.00,2.00,2.50,3.50,12.50,41.79,42.89,46.19,214.45,225.43,242.87,283.75,323.35,355.25,505.95",https://www.travelodge.co.uk/hotels/282/London-Chessington-Tolworth-hotel?checkIn=26/12/2026&checkOut=31/12/2026&rooms[0][adults]=3&rooms[0][children]=0&searchLocation=South%20London
2026-07-22T08:42:13+00:00,214.45,saver_button,"0.30,1.00,2.00,2.50,3.50,12.50,41.79,42.89,46.19,214.45,225.43,242.87,283.75,323.35,355.25,505.95",https://www.travelodge.co.uk/hotels/282/London-Chessington-Tolworth-hotel?checkIn=26/12/2026&checkOut=31/12/2026&rooms[0][adults]=3&rooms[0][children]=0&searchLocation=South%20London
2026-07-22T14:20:01+00:00,214.45,saver_button,"0.30,1.00,2.00,2.50,3.50,12.50,41.79,42.89,46.19,214.45,225.43,241.84,282.65,324.45,357.45,500.45",https://www.travelodge.co.uk/hotels/282/London-Chessington-Tolworth-hotel?checkIn=26/12/2026&checkOut=31/12/2026&rooms[0][adults]=3&rooms[0][children]=0&searchLocation=South%20London
2026-07-22T19:40:57+00:00,214.45,saver_button,"0.30,1.00,2.00,2.50,3.50,12.50,41.79,42.89,46.19,214.45,225.43,241.84,282.65,324.45,357.45,500.45",https://www.travelodge.co.uk/hotels/282/London-Chessington-Tolworth-hotel?checkIn=26/12/2026&checkOut=31/12/2026&rooms[0][adults]=3&rooms[0][children]=0&searchLocation=South%20London
2026-07-23T03:40:55+00:00,213.35,saver_button,"0.30,1.00,2.00,2.50,3.50,12.50,41.79,42.89,45.09,213.35,224.33,240.73,282.65,324.45,357.45,500.45",https://www.travelodge.co.uk/hotels/282/London-Chessington-Tolworth-hotel?checkIn=26/12/2026&checkOut=31/12/2026&rooms[0][adults]=3&rooms[0][children]=0&searchLocation=South%20London
2026-07-23T08:43:21+00:00,213.35,saver_button,"0.30,1.00,2.00,2.50,3.50,12.50,41.79,42.89,45.09,213.35,224.33,240.73,282.65,324.45,357.45,500.45",https://www.travelodge.co.uk/hotels/282/London-Chessington-Tolworth-hotel?checkIn=26/12/2026&checkOut=31/12/2026&rooms[0][adults]=3&rooms[0][children]=0&searchLocation=South%20London
2026-07-23T14:28:05+00:00,213.35,saver_button,"0.30,1.00,2.00,2.50,3.50,12.50,41.79,42.89,45.09,213.35,224.33,240.73,278.25,314.55,348.65,499.35",https://www.travelodge.co.uk/hotels/282/London-Chessington-Tolworth-hotel?checkIn=26/12/2026&checkOut=31/12/2026&rooms[0][adults]=3&rooms[0][children]=0&searchLocation=South%20London
2026-07-23T19:43:18+00:00,213.35,saver_button,"0.30,1.00,2.00,2.50,3.50,12.50,41.79,42.89,45.09,213.35,224.33,240.73,278.25,314.55,348.65,499.35",https://www.travelodge.co.uk/hotels/282/London-Chessington-Tolworth-hotel?checkIn=26/12/2026&checkOut=31/12/2026&rooms[0][adults]=3&rooms[0][children]=0&searchLocation=South%20London
2026-07-24T03:39:37+00:00,213.35,saver_button,"0.30,1.00,2.00,2.50,3.50,12.50,41.79,46.19,213.35,224.32,240.73,278.25,314.55,348.65,499.35",https://www.travelodge.co.uk/hotels/282/London-Chessington-Tolworth-hotel?checkIn=26/12/2026&checkOut=31/12/2026&rooms[0][adults]=3&rooms[0][children]=0&searchLocation=South%20London
2026-07-24T08:40:22+00:00,213.35,saver_button,"0.30,1.00,2.00,2.50,3.50,12.50,41.79,46.19,213.35,224.32,240.73,278.25,314.55,348.65,499.35",https://www.travelodge.co.uk/hotels/282/London-Chessington-Tolworth-hotel?checkIn=26/12/2026&checkOut=31/12/2026&rooms[0][adults]=3&rooms[0][children]=0&searchLocation=South%20London
2026-07-24T14:09:02+00:00,213.35,saver_button,"0.30,1.00,2.00,2.50,3.50,12.50,41.79,46.19,213.35,224.32,240.72,278.25,314.55,348.65,499.35",https://www.travelodge.co.uk/hotels/282/London-Chessington-Tolworth-hotel?checkIn=26/12/2026&checkOut=31/12/2026&rooms[0][adults]=3&rooms[0][children]=0&searchLocation=South%20London
2026-07-24T19:45:07+00:00,213.35,saver_button,"0.30,1.00,2.00,2.50,3.50,12.50,41.79,46.19,213.35,224.32,240.72,283.75,315.65,351.95,492.75",https://www.travelodge.co.uk/hotels/282/London-Chessington-Tolworth-hotel?checkIn=26/12/2026&checkOut=31/12/2026&rooms[0][adults]=3&rooms[0][children]=0&searchLocation=South%20London
2026-07-25T03:34:37+00:00,213.35,saver_button,"0.30,1.00,2.00,2.50,3.50,12.50,41.79,46.19,213.35,224.32,240.72,283.75,315.65,351.95,492.75",https://www.travelodge.co.uk/hotels/282/London-Chessington-Tolworth-hotel?checkIn=26/12/2026&checkOut=31/12/2026&rooms[0][adults]=3&rooms[0][children]=0&searchLocation=South%20London
2026-07-25T08:22:12+00:00,213.35,saver_button,"0.30,1.00,2.00,2.50,3.50,12.50,41.79,46.19,213.35,224.32,240.72,283.75,315.65,351.95,492.75",https://www.travelodge.co.uk/hotels/282/London-Chessington-Tolworth-hotel?checkIn=26/12/2026&checkOut=31/12/2026&rooms[0][adults]=3&rooms[0][children]=0&searchLocation=South%20London
2026-07-25T13:59:37+00:00,213.35,saver_button,"0.30,1.00,2.00,2.50,3.50,12.50,41.79,46.19,213.35,224.32,240.72,283.75,315.65,351.95,492.75",https://www.travelodge.co.uk/hotels/282/London-Chessington-Tolworth-hotel?checkIn=26/12/2026&checkOut=31/12/2026&rooms[0][adults]=3&rooms[0][children]=0&searchLocation=South%20London
2026-07-25T19:32:14+00:00,213.35,saver_button,"0.30,1.00,2.00,2.50,3.50,12.50,41.79,46.19,213.35,224.32,240.72,283.75,315.65,351.95,492.75",https://www.travelodge.co.uk/hotels/282/London-Chessington-Tolworth-hotel?checkIn=26/12/2026&checkOut=31/12/2026&rooms[0][adults]=3&rooms[0][children]=0&searchLocation=South%20London
2026-07-26T03:52:20+00:00,213.35,saver_button,"0.30,1.00,2.00,2.50,3.50,12.50,41.79,46.19,213.35,224.32,240.73,278.25,315.65,351.95,481.75",https://www.travelodge.co.uk/hotels/282/London-Chessington-Tolworth-hotel?checkIn=26/12/2026&checkOut=31/12/2026&rooms[0][adults]=3&rooms[0][children]=0&searchLocation=South%20London
2026-07-26T08:38:19+00:00,213.35,saver_button,"0.30,1.00,2.00,2.50,3.50,12.50,41.79,46.19,213.35,224.32,240.73,278.25,315.65,351.95,481.75",https://www.travelodge.co.uk/hotels/282/London-Chessington-Tolworth-hotel?checkIn=26/12/2026&checkOut=31/12/2026&rooms[0][adults]=3&rooms[0][children]=0&searchLocation=South%20London
2026-07-26T13:53:28+00:00,213.35,saver_button,"0.30,1.00,2.00,2.50,3.50,12.50,41.79,46.19,213.35,224.32,240.73,278.25,315.65,351.95,481.75",https://www.travelodge.co.uk/hotels/282/London-Chessington-Tolworth-hotel?checkIn=26/12/2026&checkOut=31/12/2026&rooms[0][adults]=3&rooms[0][children]=0&searchLocation=South%20London
2026-07-26T19:32:15+00:00,213.35,saver_button,"0.30,1.00,2.00,2.50,3.50,12.50,41.79,46.19,213.35,224.32,240.73,278.25,315.65,351.95,481.75",https://www.travelodge.co.uk/hotels/282/London-Chessington-Tolworth-hotel?checkIn=26/12/2026&checkOut=31/12/2026&rooms[0][adults]=3&rooms[0][children]=0&searchLocation=South%20London
2026-07-27T03:59:12+00:00,217.75,saver_button,"0.30,1.00,2.00,2.50,3.50,12.50,41.79,45.09,47.29,217.75,228.75,245.20,315.65,322.25,394.85,564.25",https://www.travelodge.co.uk/hotels/282/London-Chessington-Tolworth-hotel?checkIn=26/12/2026&checkOut=31/12/2026&rooms[0][adults]=3&rooms[0][children]=0&searchLocation=South%20London
2026-07-27T10:06:56+00:00,217.75,saver_button,"0.30,1.00,2.00,2.50,3.50,12.50,41.79,45.09,47.29,217.75,228.75,245.20,315.65,322.25,394.85,564.25",https://www.travelodge.co.uk/hotels/282/London-Chessington-Tolworth-hotel?checkIn=26/12/2026&checkOut=31/12/2026&rooms[0][adults]=3&rooms[0][children]=0&searchLocation=South%20London
2026-07-27T15:11:06+00:00,217.75,fallback,"1.00,2.50,3.50,217.75,315.65,322.25,394.85,564.25",https://www.travelodge.co.uk/hotels/282/London-Chessington-Tolworth-hotel?checkIn=26/12/2026&checkOut=31/12/2026&rooms[0][adults]=3&rooms[0][children]=0&searchLocation=South%20London
2026-07-27T19:51:57+00:00,217.75,saver_button,"0.30,1.00,2.00,2.50,3.50,12.50,41.79,45.09,47.29,217.75,228.75,245.20,315.65,322.25,394.85,564.25",https://www.travelodge.co.uk/hotels/282/London-Chessington-Tolworth-hotel?checkIn=26/12/2026&checkOut=31/12/2026&rooms[0][adults]=3&rooms[0][children]=0&searchLocation=South%20London
2026-07-28T03:31:15+00:00,217.75,saver_button,"0.30,1.00,2.00,2.50,3.50,12.50,41.79,45.09,47.29,217.75,228.75,245.20,315.65,322.25,394.85,564.25",https://www.travelodge.co.uk/hotels/282/London-Chessington-Tolworth-hotel?checkIn=26/12/2026&checkOut=31/12/2026&rooms[0][adults]=3&rooms[0][children]=0&searchLocation=South%20London
2026-07-28T08:50:34+00:00,215.55,saver_button,"0.30,1.00,2.00,2.50,3.50,12.50,41.79,43.99,46.19,215.55,226.53,244.00,313.45,320.05,400.35,553.25",https://www.travelodge.co.uk/hotels/282/London-Chessington-Tolworth-hotel?checkIn=26/12/2026&checkOut=31/12/2026&rooms[0][adults]=3&rooms[0][children]=0&searchLocation=South%20London
2026-07-28T14:33:46+00:00,215.55,saver_button,"0.30,1.00,2.00,2.50,3.50,12.50,41.79,43.99,46.19,215.55,226.53,244.01,313.45,320.05,400.35,553.25",https://www.travelodge.co.uk/hotels/282/London-Chessington-Tolworth-hotel?checkIn=26/12/2026&checkOut=31/12/2026&rooms[0][adults]=3&rooms[0][children]=0&searchLocation=South%20London
2026-07-28T19:49:56+00:00,215.55,saver_button,"0.30,1.00,2.00,2.50,3.50,12.50,215.55,226.53,244.01,313.45,400.35",https://www.travelodge.co.uk/hotels/282/London-Chessington-Tolworth-hotel?checkIn=26/12/2026&checkOut=31/12/2026&rooms[0][adults]=3&rooms[0][children]=0&searchLocation=South%20London
2026-07-29T03:34:50+00:00,208.95,saver_button,"0.30,1.00,2.00,2.50,3.50,12.50,39.59,40.69,42.89,46.19,208.95,219.91,235.45,313.45,320.05,400.35,553.25",https://www.travelodge.co.uk/hotels/282/London-Chessington-Tolworth-hotel?checkIn=26/12/2026&checkOut=31/12/2026&rooms[0][adults]=3&rooms[0][children]=0&searchLocation=South%20London
2026-07-29T09:06:45+00:00,208.95,saver_button,"0.30,1.00,2.00,2.50,3.50,12.50,39.59,40.69,42.89,46.19,208.95,219.91,235.45,305.75,325.55,392.65,553.25",https://www.travelodge.co.uk/hotels/282/London-Chessington-Tolworth-hotel?checkIn=26/12/2026&checkOut=31/12/2026&rooms[0][adults]=3&rooms[0][children]=0&searchLocation=South%20London
2026-07-29T14:29:17+00:00,208.95,saver_button,"0.30,1.00,2.00,2.50,3.50,12.50,39.59,40.69,42.89,46.19,208.95,219.91,235.45,305.75,325.55,392.65,553.25",https://www.travelodge.co.uk/hotels/282/London-Chessington-Tolworth-hotel?checkIn=26/12/2026&checkOut=31/12/2026&rooms[0][adults]=3&rooms[0][children]=0&searchLocation=South%20London
2026-07-29T19:40:37+00:00,208.95,saver_button,"0.30,1.00,2.00,2.50,3.50,12.50,39.59,40.69,42.89,46.19,208.95,219.91,235.45,305.75,325.55,392.65,553.25",https://www.travelodge.co.uk/hotels/282/London-Chessington-Tolworth-hotel?checkIn=26/12/2026&checkOut=31/12/2026&rooms[0][adults]=3&rooms[0][children]=0&searchLocation=South%20London
2026-07-30T03:24:24+00:00,208.95,saver_button,"0.30,1.00,2.00,2.50,3.50,12.50,39.59,40.69,42.89,46.19,208.95,219.91,235.45,305.75,325.55,392.65,553.25",https://www.travelodge.co.uk/hotels/282/London-Chessington-Tolworth-hotel?checkIn=26/12/2026&checkOut=31/12/2026&rooms[0][adults]=3&rooms[0][children]=0&searchLocation=South%20London
2026-07-30T08:46:32+00:00,211.15,saver_button,"0.30,1.00,2.00,2.50,3.50,12.50,39.59,41.79,43.99,46.19,211.15,222.11,238.72,305.75,325.55,392.65,553.25",https://www.travelodge.co.uk/hotels/282/London-Chessington-Tolworth-hotel?checkIn=26/12/2026&checkOut=31/12/2026&rooms[0][adults]=3&rooms[0][children]=0&searchLocation=South%20London
2026-07-30T14:29:08+00:00,211.15,saver_button,"0.30,1.00,2.00,2.50,3.50,12.50,39.59,41.79,43.99,46.19,211.15,222.11,238.72,306.85,324.45,394.85,548.85",https://www.travelodge.co.uk/hotels/282/London-Chessington-Tolworth-hotel?checkIn=26/12/2026&checkOut=31/12/2026&rooms[0][adults]=3&rooms[0][children]=0&searchLocation=South%20London
2026-07-30T19:48:26+00:00,211.15,saver_button,"0.30,1.00,2.00,2.50,3.50,12.50,39.59,41.79,43.99,46.19,211.15,222.11,238.72,306.85,324.45,394.85,548.85",https://www.travelodge.co.uk/hotels/282/London-Chessington-Tolworth-hotel?checkIn=26/12/2026&checkOut=31/12/2026&rooms[0][adults]=3&rooms[0][children]=0&searchLocation=South%20London
2026-07-31T03:47:34+00:00,215.55,saver_button,"0.30,1.00,2.00,2.50,3.50,12.50,39.59,41.79,43.99,50.59,215.55,226.53,242.09,306.85,324.45,394.85,548.85",https://www.travelodge.co.uk/hotels/282/London-Chessington-Tolworth-hotel?checkIn=26/12/2026&checkOut=31/12/2026&rooms[0][adults]=3&rooms[0][children]=0&searchLocation=South%20London
2026-07-31T09:14:47+00:00,215.55,saver_button,"0.30,1.00,2.00,2.50,3.50,12.50,39.59,41.79,43.99,50.59,215.55,226.53,242.09,306.85,324.45,394.85,548.85",https://www.travelodge.co.uk/hotels/282/London-Chessington-Tolworth-hotel?checkIn=26/12/2026&checkOut=31/12/2026&rooms[0][adults]=3&rooms[0][children]=0&searchLocation=South%20London
2026-07-31T10:13:15+00:00,215.55,saver_button,"0.30,1.00,2.00,2.50,3.50,12.50,39.59,41.79,43.99,50.59,215.55,226.53,242.09,306.85,324.45,394.85,548.85",https://www.travelodge.co.uk/hotels/282/London-Chessington-Tolworth-hotel?checkIn=26/12/2026&checkOut=31/12/2026&rooms[0][adults]=3&rooms[0][children]=0&searchLocation=South%20London
2026-07-31T14:33:37+00:00,215.55,fallback,"1.00,2.50,3.50,215.55,329.95,391.55,552.15",https://www.travelodge.co.uk/hotels/282/London-Chessington-Tolworth-hotel?checkIn=26/12/2026&checkOut=31/12/2026&rooms[0][adults]=3&rooms[0][children]=0&searchLocation=South%20London
2026-07-31T19:50:18+00:00,215.55,saver_button,"0.30,1.00,2.00,2.50,3.50,12.50,39.59,41.79,43.99,50.59,215.55,226.53,242.09,304.65,329.95,391.55,552.15",https://www.travelodge.co.uk/hotels/282/London-Chessington-Tolworth-hotel?checkIn=26/12/2026&checkOut=31/12/2026&rooms[0][adults]=3&rooms[0][children]=0&searchLocation=South%20London
2026-08-01T03:47:22+00:00,204.55,saver_button,"0.30,1.00,2.00,2.50,3.50,12.50,39.59,46.19,204.55,215.48,231.06,304.65,329.95,391.55,552.15",https://www.travelodge.co.uk/hotels/282/London-Chessington-Tolworth-hotel?checkIn=26/12/2026&checkOut=31/12/2026&rooms[0][adults]=3&rooms[0][children]=0&searchLocation=South%20London
2026-08-01T08:33:16+00:00,204.55,saver_button,"0.30,1.00,2.00,2.50,3.50,12.50,39.59,46.19,204.55,215.48,231.06,304.65,329.95,391.55,552.15",https://www.travelodge.co.uk/hotels/282/London-Chessington-Tolworth-hotel?checkIn=26/12/2026&checkOut=31/12/2026&rooms[0][adults]=3&rooms[0][children]=0&searchLocation=South%20London
2026-08-01T13:51:22+00:00,204.55,saver_button,"0.30,1.00,2.00,2.50,3.50,12.50,39.59,46.19,204.55,215.48,231.06,304.65,329.95,391.55,552.15",https://www.travelodge.co.uk/hotels/282/London-Chessington-Tolworth-hotel?checkIn=26/12/2026&checkOut=31/12/2026&rooms[0][adults]=3&rooms[0][children]=0&searchLocation=South%20London
2026-08-01T19:31:28+00:00,204.55,saver_button,"0.30,1.00,2.00,2.50,3.50,12.50,39.59,46.19,204.55,215.48,231.06,304.65,307.95,387.15,565.35",https://www.travelodge.co.uk/hotels/282/London-Chessington-Tolworth-hotel?checkIn=26/12/2026&checkOut=31/12/2026&rooms[0][adults]=3&rooms[0][children]=0&searchLocation=South%20London
2026-08-02T03:52:30+00:00,203.45,saver_button,"0.30,1.00,2.00,2.50,3.50,12.50,39.59,45.09,203.45,214.38,228.89,267.25,307.95,387.15,565.35",https://www.travelodge.co.uk/hotels/282/London-Chessington-Tolworth-hotel?checkIn=26/12/2026&checkOut=31/12/2026&rooms[0][adults]=3&rooms[0][children]=0&searchLocation=South%20London
2026-08-02T08:36:07+00:00,203.45,saver_button,"0.30,1.00,2.00,2.50,3.50,12.50,39.59,45.09,203.45,214.38,228.89,267.25,307.95,387.15,565.35",https://www.travelodge.co.uk/hotels/282/London-Chessington-Tolworth-hotel?checkIn=26/12/2026&checkOut=31/12/2026&rooms[0][adults]=3&rooms[0][children]=0&searchLocation=South%20London
2026-08-02T13:51:25+00:00,203.45,saver_button,"0.30,1.00,2.00,2.50,3.50,12.50,39.59,45.09,203.45,214.38,228.89,267.25,307.95,387.15,565.35",https://www.travelodge.co.uk/hotels/282/London-Chessington-Tolworth-hotel?checkIn=26/12/2026&checkOut=31/12/2026&rooms[0][adults]=3&rooms[0][children]=0&searchLocation=South%20London
2026-08-02T19:31:42+00:00,203.45,saver_button,"0.30,1.00,2.00,2.50,3.50,12.50,39.59,45.09,203.45,214.38,228.89,267.25,289.25,395.95,555.45",https://www.travelodge.co.uk/hotels/282/London-Chessington-Tolworth-hotel?checkIn=26/12/2026&checkOut=31/12/2026&rooms[0][adults]=3&rooms[0][children]=0&searchLocation=South%20London
2026-08-03T03:51:30+00:00,213.35,saver_button,"0.30,1.00,2.00,2.50,3.50,12.50,39.59,46.19,48.39,213.35,224.32,245.34,267.25,289.25,395.95,555.45",https://www.travelodge.co.uk/hotels/282/London-Chessington-Tolworth-hotel?checkIn=26/12/2026&checkOut=31/12/2026&rooms[0][adults]=3&rooms[0][children]=0&searchLocation=South%20London
2026-08-03T10:04:04+00:00,213.35,saver_button,"0.30,1.00,2.00,2.50,3.50,12.50,39.59,46.19,48.39,213.35,224.32,245.34,281.55,289.25,395.95,555.45",https://www.travelodge.co.uk/hotels/282/London-Chessington-Tolworth-hotel?checkIn=26/12/2026&checkOut=31/12/2026&rooms[0][adults]=3&rooms[0][children]=0&searchLocation=South%20London
2026-08-03T15:14:50+00:00,,none,,https://www.travelodge.co.uk/hotels/282/London-Chessington-Tolworth-hotel?checkIn=26/12/2026&checkOut=31/12/2026&rooms[0][adults]=3&rooms[0][children]=0&searchLocation=South%20London
2026-08-03T19:55:03+00:00,213.35,saver_button,"0.30,1.00,2.00,2.50,3.50,12.50,39.59,46.19,48.39,213.35,224.32,245.34,281.55,316.75,395.95,602.75",https://www.travelodge.co.uk/hotels/282/London-Chessington-Tolworth-hotel?checkIn=26/12/2026&checkOut=31/12/2026&rooms[0][adults]=3&rooms[0][children]=0&searchLocation=South%20London
2026-08-04T03:33:56+00:00,213.35,saver_button,"0.30,1.00,2.00,2.50,3.50,12.50,39.59,46.19,48.39,213.35,224.32,245.34,281.55,316.75,395.95,602.75",https://www.travelodge.co.uk/hotels/282/London-Chessington-Tolworth-hotel?checkIn=26/12/2026&checkOut=31/12/2026&rooms[0][adults]=3&rooms[0][children]=0&searchLocation=South%20London
2026-08-04T08:52:29+00:00,208.95,saver_button,"0.30,1.00,2.00,2.50,3.50,12.50,39.59,43.99,46.19,208.95,219.90,235.42,281.55,316.75,395.95,602.75",https://www.travelodge.co.uk/hotels/282/London-Chessington-Tolworth-hotel?checkIn=26/12/2026&checkOut=31/12/2026&rooms[0][adults]=3&rooms[0][children]=0&searchLocation=South%20London
2026-08-04T14:39:04+00:00,208.95,saver_button,"0.30,1.00,2.00,2.50,3.50,12.50,39.59,43.99,46.19,208.95,219.90,235.42,279.35,316.75,395.95,602.75",https://www.travelodge.co.uk/hotels/282/London-Chessington-Tolworth-hotel?checkIn=26/12/2026&checkOut=31/12/2026&rooms[0][adults]=3&rooms[0][children]=0&searchLocation=South%20London
2026-08-04T19:54:30+00:00,208.95,saver_button,"0.30,1.00,2.00,2.50,3.50,12.50,39.59,43.99,46.19,208.95,219.90,235.42,279.35,316.75,395.95,602.75",https://www.travelodge.co.uk/hotels/282/London-Chessington-Tolworth-hotel?checkIn=26/12/2026&checkOut=31/12/2026&rooms[0][adults]=3&rooms[0][children]=0&searchLocation=South%20London
2026-08-05T03:30:01+00:00,208.95,saver_button,"0.30,1.00,2.00,2.50,3.50,12.50,39.59,43.99,46.19,208.95,219.90,235.42,279.35,332.15,403.65,602.75",https://www.travelodge.co.uk/hotels/282/London-Chessington-Tolworth-hotel?checkIn=26/12/2026&checkOut=31/12/2026&rooms[0][adults]=3&rooms[0][children]=0&searchLocation=South%20London
2026-08-05T08:50:20+00:00,205.65,saver_button,"0.30,1.00,2.00,2.50,3.50,12.50,39.59,40.69,46.19,205.65,216.59,231.09,279.35,332.15,403.65,602.75",https://www.travelodge.co.uk/hotels/282/London-Chessington-Tolworth-hotel?checkIn=26/12/2026&checkOut=31/12/2026&rooms[0][adults]=3&rooms[0][children]=0&searchLocation=South%20London
2026-08-05T14:30:05+00:00,205.65,saver_button,"0.30,1.00,2.00,2.50,3.50,12.50,39.59,40.69,46.19,205.65,216.59,231.09,279.35,332.15,403.65,602.75",https://www.travelodge.co.uk/hotels/282/London-Chessington-Tolworth-hotel?checkIn=26/12/2026&checkOut=31/12/2026&rooms[0][adults]=3&rooms[0][children]=0&searchLocation=South%20London
2026-08-05T19:52:25+00:00,205.65,saver_button,"0.30,1.00,2.00,2.50,3.50,12.50,39.59,40.69,46.19,205.65,216.59,231.09,282.65,332.15,403.65,602.75",https://www.travelodge.co.uk/hotels/282/London-Chessington-Tolworth-hotel?checkIn=26/12/2026&checkOut=31/12/2026&rooms[0][adults]=3&rooms[0][children]=0&searchLocation=South%20London
